{"file_hashes":[{"block_hashes":["TqOSTSzv2A1Wx09tWn9LprJX1iAPJZil7L0sf/GwBlg=","/B0OWiD0kQndKxDkEBRT6V/4Nba/nL4F0AIcmnTpHq4="],"block_size":4096,"path":"audio/beep.mp3"},{"block_hashes":["6xZRcnq0oYFm5HbG2wJjGiAVn7HfwUNbB3mgrkUAtWU=","/8tE6DCVzgpECal5Cc+QwreDgy8OOXSUMSDaFX53m4Q=","S8RnLaAzHZFRMU6dXmNaNh1+g9SQHqZMvnVWaZLB8p4="],"block_size":4096,"path":"audio/lowbeep.mp3"},{"block_hashes":["o4H71Zhbxf9Q5ko/CIgbjg9nabz/5hUI9ecofA0nRh4=","4Jul8p4sBdGPqBISDFdg4NJxQYnG+OKxL96yCLNg+N0=","aLgxlChq2Y7J2TBr5Ww9xsgoxN3u1Ggnqkvqdbzh85s=","pxomtsZWTnvMmSNNpIuEYLSQtU1v9sOVN/WmbZP3zY4="],"block_size":4096,"path":"autoPunctuation.js"},{"block_hashes":["MTlb0q4YPY1O0a64qsSQiSxUyB7+gswOyOUIbZ4Sgm4=","XaYvl+zOQZXQcsWqT+fKv23gKVR6o367ZlrVHq2zW9o="],"block_size":4096,"path":"background.js"},{"block_hashes":["fB9UHImLVlcgX/cdMnYW4iSaTe5GzfnQ3O8quUXae2A=","RGCJNXMfYFU7wfJQoyLw027ZgoDejMChUwR9Kyz3vPc=","vUaMPcxCxCJbkeLJMniVuDdQvbNk5de7n6N7P5eWCzQ=","M1jLZnvsEIsO8f5C3LB0+cvxWkvwWQlUTFyM6wpgE88=","0d4EEeXrCI4VjpfvlmXyQ5T/b+bAf09j2bXpqOTMMeE=","VpzhNkF4YRXzgvSXYp56mHp/tl3nZP+msbDyDG+62jQ=","AG7XCCqjdXoqJd5qQVAypefkX5+8id/Xk+7KF5kYHsU=","nHHVaSP+N/gKxuoeWa3UDc52aHWCiwdJP8ienZoLeDA=","o3x1Y+DQ1jJIMuo631kN6kpCNqnuTv5VoepnUlWIpmI=","puwmkcXK+dYzfAK99JdKK2nIhcDgpa4RVgunbk2+atY=","Ucg8kyCMCSzBfjcokMjKw5Z8y5BTVlg5ezhPqi2sKbU=","J0iPo67XAKbEG/ykOd0SZij7Nfw8a0AOIwa4jkZnz3I="],"block_size":4096,"path":"commands.js"},{"block_hashes":["HQEDVO0Y5p5iI6mndDsw7cgsRFeC24TuOdJk90Gc5U0="],"block_size":4096,"path":"comments.json"},{"block_hashes":["WJSKJfEaqAu78jrgFC/Qqf7bzcqAf99JmD0UlxC0dbs=","U3v46VB78ewi6xHb54yJLePKAIbMZ9IEDh/33ZFTmxs=","i8WSSisoi+UKnMbyuEPGg16v6R6NeHAziLX0lCKVxFw=","h/gRFdEARj6VCO4jKvceh5jcM6csiqRc9vFfxGuJunc=","Tb71SRPwYDkpboNP+A3YVKBZoonWFoczadv9bvrcf5c=","wTfTKPDt1wu7MNrrXCxNcjunx9I1eaA9zq2UBE0iGsU=","+vm9eZMatovhSMwoPPUoHw+6S4Lnvwl530Cf4zBCgwc=","jyZDy8S5QZLQc5ikOyR9Zpp1jJo/3brXjMQZ8i6qTs0=","DN/C6BnFcpuzrrUxKuYVspou8QGG6ueWvwYVlLmJne0=","GOFTBBpaKXfamCxue/5cTyJHcurdS6zlPgLmq4FGB3U=","1rVZkMkbty1EnjC1cVLenZegW7i8wGHjVSXtnXm9aYI=","NNLJQ2MsqIf85lYUn7lkjY5TSCsYYo6NZOxybe/C0fc=","t0o+gsQLo9HXdzG+Lhy9NRkg8x6ls2qiTRN2d9kimUc=","/WbCI/JKVZM9ixePKegEIlCq0jj4PW0dkBtmIbFKQQE=","eyR2b977WVE79SGO+FE9PKesVqEH8onBv288yO6GtJ8=","YrnFqe8Dcs8aCdMt/Dl90TVdIZBCGBlkX0D+/h3jxiI=","goo1pQEnjwEMuyoUH23QSnlBnk/WiKO5ygT9rrAZzd0=","06GnJWHR0apv7bgCnyP+Y7KT+aTv47v3J6idunWK1Lk=","WeIe2hKPsgXQLFpa6HCroGBwbhz/VPu1B3PvUTiGsHw=","MO4/G1jYcYUWGKsjnBYKV8u2K/cfUH9Ixstlnrx50l0=","HtIZt6rXVtrL3iFueG2ISrtkW7AOpBlQ//prFNZ5E5k=","CoNk5Q161Ylu0qJwlv6kv6DqgJJ98esgG387JWC45No=","XVzf3CJaaZ1D51UuHlFaqH2dn8VvqgcgfKxix4tTSYA=","4F2muf2vgSlVrIXj8i7NmJEH4nPReHIBoAJJHFFohWk=","IFGsueCNeQZc2PxmrpYSVM/gSCaaM9M2knJuKN52yt0=","QrjMRoLFAYEGus/SJ+kBD8kKfmRBOoVn0h0MuzAYIaY=","La3nwaSg7HTho5yiG5JBigXhmXLqsUqPtdmnkLUbykE=","PAQ/s/6yGObrVFRpL60QQe9aOOQjMT7dwX2vFomY8/0=","MRgEpgshH7e7i1f6iQDqPe2e/vsY4+lZdx/Iy90niuU=","WzONwBhXkBZHMk6bPguL2+scq1YCmb/7nKrkL+8ndVU=","d+KJ27YiAQ1f91zwRUPjwje/IijyX9BZx1IpyL3TVGY=","nwkokd/Z1EhW11clxbvLbC4dpXrJJ48mI7OXrNOT7rE=","oCamHJ7T04xo2l45vzMpHpCTqmn6td+ytslFOEEpRAM="],"block_size":4096,"path":"content.js"},{"block_hashes":["y1CGlBqKHP+z98fHy+YfgQNA/BX5DC60m//oR1F5myo=","AxdP6owV6FJPCITI7ftBxv8rPi3TKjSjmUYqX/DyZKk=","HAF7VVm+CVvov+PVcd4tb/RkreDvAuce5UBJAk22JfA=","I5toWzMLUaJMw+aYUpcZu9ABuYmdp+Hp68jiBUOVfyA=","Vnuw9usHMh8YnqnhwK5dBF6d1ifvEgpd1KbUzTsATQU="],"block_size":4096,"path":"googleDocsUtil.js"},{"block_hashes":["14peHb8KexG3n3j1gLuMVx+aO7dKCscqJExG1CD/6rw="],"block_size":4096,"path":"keypress.js"},{"block_hashes":["Gm2PmnuJI8feXmQbHs/kc78CRQqrgJ+WutDXy12VVJk=","J1yZVydHL6D4alU2KVHPzSJMEZbdesD+UGxWM+MlAmk=","auUmZw/LwEh3rrdRE8aLqVCQyJsiL+PIBqKyRiKEf2w=","qcdps4KwKQQCXxNJzjc/71UmwkvyzYsPW1MbFt6lVNA=","6NYULF0LWdRkofmb0jnFhFOVwA1W7s0lWGZ+gPtELc4=","xez3qj+BStI160VKPVxfQ1XJx/0Win7KN+ZgKPbsfeU=","VhPtSHFQPL0PCnZVdF34jX3B7kk38mvi7LKqbSO43ac=","uEHSV/KcTPlKUHERcYKvH7TBoNELCMXFg2WZeJbuhAs=","Rnk+qvGXCjY569bLxphy7x2lNGBrs8LTYO7JiMK0zTM=","RBOsCEYWKl6htXiYhjZN48W60o25/DmYdT9/G7fHTtw=","m2FcHpUeGZiGjYK81XV/NEH4gv5Q62vrV7S+QAtjUpk=","NcENvjNiJT2LYFW5MCt80840RUEyrSqNxYtaxBloABM=","26S5ZccTXFSczLTmBAXxHCh2EgvgDklrKImIC1vjpnE=","uU3IfZqmOu8RL7kAirdPQ11ofG+vGqjbFe5FSItP/OE="],"block_size":4096,"path":"languages.js"},{"block_hashes":["48kvKuKjcNLFkwfPRK5RJQfxXiCvl6yhl9VWBy39A1M=","HH2+6IwcN0QSaP1TCTFUjCZsLrmle1/rl4PqqGyz79I="],"block_size":4096,"path":"license.js"},{"block_hashes":["S64VBMxk926KoRlH8PgnmQmyNwLOE1uXSlNDpABm9YY="],"block_size":4096,"path":"newtab.html"},{"block_hashes":["A49C/+XxNE4YhEP3jz1T+n2nvnkRZULn1EX+XymyaRU="],"block_size":4096,"path":"social.css"},{"block_hashes":["wvf6Q+JZwpRy1HO1/U8lOhS3+7jhPlsR34DBJar1tzE="],"block_size":4096,"path":"social.js"},{"block_hashes":["S9VWrocAGpf262vJYloBrR8rNppcT+eB4wX2YWAAJW4="],"block_size":4096,"path":"sr.css"},{"block_hashes":["joAws6LI6aoOrraFlRNbwAD4hmJ2djmxOl3ANJW78wo=","JCxCQj/46zeR2QZ2XseRZMRJ0BILKKebupI6sf0v/Sw=","8Vjmf1M3FBz074UGSPOqr5jaaiT6T1UA8lMBLBTAPMg=","eyKqKPPoEUny1SognRboEzRPLwGRgfVv3Hgo9dlWnfE="],"block_size":4096,"path":"sr.html"},{"block_hashes":["7vMr62H5I0NraOp0eG10/RZinvDuqZ7Gj1Ac0y9sbls=","VjsFNSh0t2cS1BcjxFC9IBwuXI+mCmzQP0u3LsOUpps=","DJpJUQY7Bz5s2gxWHPudVpnI+M5d84hwBbug1tzdVXw=","l3CVThqGTKlPOCAxzWjzv2l1mX19GcoxtamdkLAe0bw=","AJYIp2f206qUT0nJLrQTJmxz2j7rFjTuGGPlIBcwgos=","5INjjcWC8kB/T9SN4Y7b5HbKef64iJ85rsG375BHKv0=","JykTUyhTVkJ7wOnAKDBaaOEd/kwqqJmwby1jW5pusdw=","xWaHOwwa/SVT4/mEhrCfA0y3utahrIx/0iG46omZxWk=","et7L98Fk9scLZHDZ0TNom9EDRMFZnY5lXc2ZWbc5rzE=","M9ZEI5CHIVXb3u4CSIIKEZ675lceyYtunAnXorR2gSs=","+rmrnqx7hlCZcTH3cqVDeg08e7dw2WU4kxhov4bnwGU=","+rdLzuqU/2fHPLwZRys23ldh/e3cti76jK+qF41PA6g=","2yBNcRcR7mIMPlz9AL/ebQ/4QI+z6o8LovKSphjxj2s="],"block_size":4096,"path":"sr.js"},{"block_hashes":["IMJT8WEmM2fhYDAUzgIwquS1Ejjgka/IrpHfzpRdeiA=","MYdO/r774bBj5W+yJ4/9ITOs++hkIPRjDhjsJdpEVfQ="],"block_size":4096,"path":"storage.js"},{"block_hashes":["2i6NqyBomLX4fkfzrEwGnRBb7Fw0xED1E+N4NCVgfQk="],"block_size":4096,"path":"textarea.htm"},{"block_hashes":["7ELnZyplkLGhH3+PpS+9P6BDHNgE75P7zwKUDexmcr0=","jfBAu6SkvG+rT9kkwqB9yJttCf1K88wiUvEImgrmFCg="],"block_size":4096,"path":"tts.js"}],"version":2}